JetBrains.ReSharper.Daemon.CSharp.dll	JetBrains.ReSharper.Daemon.CSharp.Resources.Strings	3853	1	JetBrains	ui	0
Microsoft.CodeAnalysis.CSharp.dll	Microsoft.CodeAnalysis.CSharp.CSharpResources	2624	0	third-party	third-party	0
JetBrains.ReSharper.Intentions.CSharp.dll	JetBrains.ReSharper.Intentions.CSharp.Resources.Strings	2204	1	JetBrains	ui	0
Microsoft.CodeAnalysis.VisualBasic.dll	Microsoft.CodeAnalysis.VisualBasic.VBResources	1811	0	third-party	third-party	0
JetBrains.ReSharper.Feature.Services.dll	JetBrains.ReSharper.Feature.Services.Resources.Strings	1645	1	JetBrains	ui	0
JetBrains.dotMemory.Resources.dll	JetBrains.dotMemory.Resources.TextResources	1350	1	JetBrains	ui	0
JetBrains.ReSharper.Daemon.Web.dll	JetBrains.ReSharper.Daemon.Resources.Strings10	1260	1	JetBrains	ui	0
Microsoft.CodeAnalysis.Features.dll	Microsoft.CodeAnalysis.FeaturesResources	945	0	third-party	third-party	0
JetBrains.ReSharper.Psi.Web.dll	JetBrains.ReSharper.Psi.Src.Asp.Resources.Sharepoint.ResourceFiles.VSRV	895	0	JetBrains	data/legal	0
JetBrains.ReSharper.NewRefactorings.dll	JetBrains.ReSharper.Refactorings.Resources.Strings	811	1	JetBrains	ui	0
JetBrains.ReSharper.Intentions.Web.dll	JetBrains.ReSharper.Intentions.Web.Resources.Strings	701	1	JetBrains	ui	0
JetBrains.Platform.Shell.dll	JetBrains.Application.Resources.Strings	652	1	JetBrains	ui	0
JetBrains.DotTrace.DataStructures.dll	JetBrains.DotTrace.DataStructures.Resources.UIResources	591	1	JetBrains	ui	0
JetBrains.ReSharper.Psi.Web.dll	JetBrains.ReSharper.Psi.Src.Asp.Resources.Sharepoint.ResourceFiles.dlcpolicy	588	0	JetBrains	data/legal	0
JetBrains.ReSharper.Psi.CSharp.dll	JetBrains.ReSharper.Psi.CSharp.Resources.Strings	583	1	JetBrains	ui	0
JetBrains.ReSharper.Plugins.Unity.dll	JetBrains.ReSharper.Plugins.Unity.Resources.Strings	577	1	JetBrains	ui	0
JetBrains.ReSharper.Psi.Web.dll	JetBrains.ReSharper.Psi.Resources.Strings12	426	1	JetBrains	ui	0
JetBrains.ReSharper.Daemon.VB.dll	JetBrains.ReSharper.Daemon.VB.Resources.LocalizedStrings	398	1	JetBrains	ui	0
JetBrains.Platform.UIInteractive.Shell.dll	JetBrains.UI.Resources.Strings	364	1	JetBrains	ui	0
JetBrains.PsiFeatures.UIInteractive.Features.dll	JetBrains.PsiFeatures.UIInteractive.Features.Resources.Strings	363	1	JetBrains	ui	0
JetBrains.Profiler.dll	JetBrains.Profiler.Resources.UITexts	327	1	JetBrains	ui	0
JetBrains.ReSharper.UnitTestFramework.dll	JetBrains.ReSharper.UnitTestFramework.Resources.Strings	327	1	JetBrains	ui	0
Microsoft.CodeAnalysis.VisualBasic.Features.dll	Microsoft.CodeAnalysis.VisualBasic.VBFeaturesResources	326	0	third-party	third-party	0
JetBrains.DPA.Core.dll	DPA.Core.Resources.Strings	322	1	JetBrains	ui	0
JetBrains.dotCover.Resources.dll	JetBrains.dotCover.Resources.Strings	321	1	JetBrains	ui	0
JetBrains.ReSharper.Psi.dll	JetBrains.ReSharper.Psi.Resources.Strings	317	1	JetBrains	ui	0
JetBrains.ReSharper.Features.Navigation.dll	JetBrains.ReSharper.Features.Navigation.Resources.Strings	305	1	JetBrains	ui	0
JetBrains.ReSharper.Refactorings.CSharp.dll	JetBrains.ReSharper.Refactorings.CSharp.Resources.Strings	298	1	JetBrains	ui	0
NuGet.Commands.dll	NuGet.Commands.Strings	290	0	third-party	third-party	0
JetBrains.ReSharper.Features.Web.dll	JetBrains.ReSharper.Features.Web.Resources.Strings	284	1	JetBrains	ui	0
JetBrains.ReSharper.ExternalSources.dll	JetBrains.ReSharper.ExternalSources.Resources.Strings	277	1	JetBrains	ui	0
JetBrains.ReSharper.Feature.Services.CSharp.dll	JetBrains.ReSharper.Feature.Services.CSharp.Resources.Strings	269	1	JetBrains	ui	0
JetBrains.ReSharper.Daemon.Xaml.dll	JetBrains.ReSharper.Daemon.Xaml.Resources.Strings	249	1	JetBrains	ui	0
JetBrains.ReSharper.Psi.Web.dll	JetBrains.ReSharper.Psi.Src.Asp.Resources.Sharepoint.ResourceFiles.dlcdm	249	0	JetBrains	data/legal	0
ActiproSoftware.SyntaxEditor.Wpf.dll	ActiproSoftware.Products.SyntaxEditor.Resources	246	0	third-party	third-party	0
JetBrains.Platform.ProjectModel.dll	JetBrains.ProjectModel.Resources.Strings	244	1	JetBrains	ui	0
JetBrains.ReSharper.Features.Altering.dll	JetBrains.ReSharper.Features.Altering.Resources.Strings	238	1	JetBrains	ui	0
JetBrains.ReSharper.ExternalServices.DataGrip.dll	JetBrains.ReSharper.ExternalServices.DataGrip.Resources.Strings	233	1	JetBrains	ui	0
JetBrains.ReSharper.Daemon.dll	JetBrains.ReSharper.Daemon.Resources.Strings3	224	1	JetBrains	ui	0
JetBrains.ReSharper.Features.Intellisense.dll	JetBrains.ReSharper.Features.Intellisense.Resources.Strings	224	1	JetBrains	ui	0
NuGet.Packaging.dll	NuGet.Packaging.Strings	216	0	third-party	third-party	0
JetBrains.ReSharper.LiveTemplates.dll	JetBrains.ReSharper.LiveTemplates.Resources.Strings	214	1	JetBrains	ui	0
JetBrains.ReSharper.Intentions.dll	JetBrains.ReSharper.Intentions.Resources.Strings	211	1	JetBrains	ui	0
JetBrains.ReSharper.Psi.Web.dll	JetBrains.ReSharper.Psi.Src.Asp.Resources.Sharepoint.ResourceFiles.PpsAdminUIStrings	210	0	JetBrains	data/legal	0
JetBrains.ReSharper.Features.Inspections.dll	JetBrains.ReSharper.Features.Inspections.Resources.Strings	207	1	JetBrains	ui	0
Microsoft.CodeAnalysis.dll	Microsoft.CodeAnalysis.CodeAnalysisResources	196	0	third-party	third-party	0
JetBrains.ReSharper.Daemon.Engine.dll	JetBrains.ReSharper.Daemon.Resources.Strings	194	1	JetBrains	ui	0
JetBrains.ReSharper.Psi.Web.dll	JetBrains.ReSharper.Psi.Src.Asp.Resources.Sharepoint.ResourceFiles.taxonomy	190	0	JetBrains	data/legal	0
DevExpress.XtraTreeList.v7.1.dll	DevExpress.XtraTreeList.Frames.TreeListPrinting	189	0	third-party	third-party	0
JetBrains.ReSharper.I18n.Services.dll	JetBrains.ReSharper.I18n.Services.Resources.Strings	184	1	JetBrains	ui	0
JetBrains.Platform.VisualStudio.Core.dll	JetBrains.VsIntegration.Resources.Strings	180	1	JetBrains	ui	0
JetBrains.Platform.Ide.dll	JetBrains.IDE.Resources.Strings	177	1	JetBrains	ui	0
JetBrains.Platform.UIInteractive.Shell.Common.dll	JetBrains.UI.Resources.CommonStrings	173	1	JetBrains	ui	0
JetBrains.ReSharper.Psi.Web.dll	JetBrains.ReSharper.Psi.Src.Asp.Resources.Sharepoint.ResourceFiles.PPSImportUtilityStrings	168	0	JetBrains	data/legal	0
JetBrains.ReSharper.Psi.Web.dll	JetBrains.ReSharper.Psi.Src.Asp.Resources.Sharepoint.ResourceFiles.obaui	153	0	JetBrains	data/legal	0
JetBrains.DotTrace.Features.dll	JetBrains.DotTrace.Features.Resources.Strings	150	1	JetBrains	ui	0
JetBrains.ReSharper.Psi.Web.dll	JetBrains.ReSharper.Psi.Src.Asp.Resources.Sharepoint.ResourceFiles.Microsoft.Office.Server.Search	149	0	JetBrains	data/legal	0
JetBrains.ReSharper.Psi.Web.dll	JetBrains.ReSharper.Psi.Src.Asp.Resources.Sharepoint.ResourceFiles.SearchAdmin	149	0	JetBrains	data/legal	0
yWorks.yFilesWPF.Complete.dll	dt.IqlN	147	0	third-party	third-party	0
JetBrains.ReSharper.Intentions.VB.dll	JetBrains.ReSharper.Intentions.VB.Resources.Strings	145	1	JetBrains	ui	0
Microsoft.CodeAnalysis.CSharp.Features.dll	Microsoft.CodeAnalysis.CSharp.CSharpFeaturesResources	143	0	third-party	third-party	0
DevExpress.XtraEditors.v7.1.dll	DevExpress.XtraEditors.LocalizationRes	142	0	third-party	third-party	0
JetBrains.PsiFeatures.VisualStudio.Backend.dll	JetBrains.PsiFeatures.VisualStudio.Backend.Resources.Strings	140	1	JetBrains	ui	0
JetBrains.ReSharper.Feature.Services.Web.dll	JetBrains.ReSharper.Feature.Services.Web.Resources.Strings	139	1	JetBrains	ui	0
Microsoft.WindowsAPICodePack.Shell.dll	Microsoft.WindowsAPICodePack.Shell.Resources.LocalizedMessages	132	0	third-party	third-party	0
JetBrains.Platform.Standalone.Shell.Avalonia.dll	JetBrains.Standalone.Shell.Avalonia.Resources.Strings	131	1	JetBrains	ui	0
ActiproSoftware.Text.Wpf.dll	ActiproSoftware.Products.Text.Resources	124	0	third-party	third-party	0
Microsoft.CodeAnalysis.Workspaces.dll	Microsoft.CodeAnalysis.WorkspacesResources	122	0	third-party	third-party	0
JetBrains.ReSharper.Intentions.Xaml.dll	JetBrains.ReSharper.Intentions.Xaml.Resources.Strings	119	1	JetBrains	ui	0
JetBrains.Platform.VisualStudio.Backend.dll	JetBrains.Platform.VisualStudio.Backend.Resources.Strings	116	1	JetBrains	ui	0
NuGet.Protocol.dll	NuGet.Protocol.Strings	114	0	third-party	third-party	0
JetBrains.ReSharper.UnitTesting.Analysis.dll	JetBrains.ReSharper.UnitTesting.Analysis.Resources.Strings	112	1	JetBrains	ui	0
JetBrains.ReSharper.Psi.VB.dll	JetBrains.ReSharper.Psi.VB.Resources.Strings	110	1	JetBrains	ui	0
JetBrains.ReSharper.ExternalServices.Grazie.dll	JetBrains.ReSharper.ExternalServices.Grazie.Resources.GrammarAndSpellingStrings	109	1	JetBrains	ui	0
JetBrains.PsiFeatures.UIInteractive.SolutionAnalysis.dll	JetBrains.PsiFeatures.UIInteractive.SolutionAnalysis.Resources.Strings	103	1	JetBrains	ui	0
Microsoft.CodeAnalysis.CSharp.Features.dll	Microsoft.CodeAnalysis.CSharp.CSharpAnalyzersResources	103	0	third-party	third-party	0
NuGet.PackageManagement.dll	NuGet.PackageManagement.Strings	101	0	third-party	third-party	0
JetBrains.Platform.ProjectModel.Host.dll	JetBrains.ProjectModel.ProjectsHost.Resources.Strings	97	1	JetBrains	ui	0
JetBrains.ReSharper.Features.SolBuilderDuo.dll	JetBrains.ReSharper.Features.SolBuilderDuo.Resources.Strings	97	1	JetBrains	ui	0
JetBrains.ReSharper.UnitTestFramework.dll	JetBrains.ReSharper.UnitTestFramework.Src.Features.TestLinker.Strings	97	1	JetBrains	ui	0
JetBrains.PsiFeatures.VisualStudio.Debugger.dll	JetBrains.PsiFeatures.VisualStudio.Debugger.Resources.Strings	92	1	JetBrains	ui	0
Microsoft.CodeAnalysis.Features.dll	Microsoft.CodeAnalysis.AnalyzersResources	92	0	third-party	third-party	0
JetBrains.ReSharper.Diagramming.Features.dll	JetBrains.ReSharper.Features.Diagramming.Resources.Strings	90	1	JetBrains	ui	0
JetBrains.Platform.VisualStudio.SinceVs10.dll	JetBrains.Platform.VisualStudio.SinceVs10.Resources.Strings	88	1	JetBrains	ui	0
JetBrains.ReSharper.Features.Internal.dll	JetBrains.ReSharper.Features.Internal.Resources.Strings	88	1	JetBrains	ui	0
JetBrains.Common.SubsystemsManagement.Core.dll	JetBrains.Common.SubsystemsManagement.Resources.Strings	86	1	JetBrains	ui	0
JetBrains.ReSharper.Refactorings.Xaml.dll	JetBrains.ReSharper.Refactorings.Xaml.Resources.Strings	85	1	JetBrains	ui	0
JetBrains.ReSharper.NewRefactorings.dll	JetBrains.ReSharper.Refactorings.Properties.Resources	84	1	JetBrains	ui	0
JetBrains.ReSharper.Features.Web.Linters.dll	JetBrains.ReSharper.Features.Web.Linters.Resources.Strings	82	1	JetBrains	ui	0
JetBrains.Platform.Shell.dll	JetBrains.Application.Resources.VsResources	81	1	JetBrains	ui	0
JetBrains.Common.Util.dll	JetBrains.Common.Util.Resources.Strings	81	1	JetBrains	ui	0
JetBrains.DPA.Monitoring.GUI.Avalonia.dll	JetBrains.DPA.Monitoring.Avalonia.Resources.Strings	81	1	JetBrains	ui	0
JetBrains.ReSharper.Features.RegExp.dll	JetBrains.ReSharper.Features.RegExp.Resources.Strings	81	1	JetBrains	ui	0
JetBrains.ReSharper.Features.ReSpeller.dll	JetBrains.ReSharper.Features.ReSpeller.Resources.Strings	81	1	JetBrains	ui	0
DevExpress.Utils.v7.1.dll	LocalizationRes	80	0	third-party	third-party	0
JetBrains.DPA.Monitoring.dll	DPA.Monitoring.Resources.Strings	79	1	JetBrains	ui	0
yWorks.yFilesWPF.Complete.dll	dt.AqHz	79	0	third-party	third-party	0
JetBrains.ReSharper.Refactorings.Html.dll	JetBrains.ReSharper.Refactorings.Resources.Strings13	77	1	JetBrains	ui	0
JetBrains.ReSharper.Daemon.Specific.dll	JetBrains.ReSharper.Daemon.Specific.Resources.Strings	74	1	JetBrains	ui	0
JetBrains.PsiFeatures.UIInteractive.SolutionBuilder.dll	JetBrains.PsiFeatures.UIInteractive.SolutionBuilder.Resources.Strings	70	1	JetBrains	ui	0
JetBrains.ReSharper.Psi.Web.dll	JetBrains.ReSharper.Psi.Src.Asp.Resources.Sharepoint.ResourceFiles.ipfs	70	0	JetBrains	data/legal	0
JetBrains.ReSharper.Feature.Services.AI.dll	JetBrains.ReSharper.Feature.Services.AI.Resources.Strings	69	1	JetBrains	ui	0
Microsoft.VisualStudio.TestPlatform.ObjectModel.dll	Microsoft.VisualStudio.TestPlatform.ObjectModel.Resources.Resources	68	0	third-party	third-party	0
Microsoft.WindowsAPICodePack.dll	Microsoft.WindowsAPICodePack.Resources.LocalizedMessages	68	0	third-party	third-party	0
JetBrains.PsiFeatures.VisualStudio.Core.dll	JetBrains.PsiFeatures.VisualStudio.Core.Resources.Strings	67	1	JetBrains	ui	0
Microsoft.CodeAnalysis.Features.dll	Microsoft.CodeAnalysis.CodeFixesResources	66	0	third-party	third-party	0
JetBrains.Profiler.Home.Presentation.dll	JetBrains.Profiler.Home.Presentation.Resources.Strings	64	1	JetBrains	ui	0
JetBrains.ReSharper.Features.Environment.dll	JetBrains.ReSharper.Features.Environment.Resources.Strings	63	1	JetBrains	ui	0
JetBrains.Common.Resources.dll	JetBrains.Common.Resources.Resources.Strings	59	1	JetBrains	ui	0
JetBrains.ReSharper.Psi.Xml.dll	JetBrains.ReSharper.Psi.Xml.Resources.Strings	59	1	JetBrains	ui	0
JetBrains.dotTrace.Home.Presentation.dll	JetBrains.dotTrace.Home.Presentation.Resources.Strings	58	1	JetBrains	ui	0
JetBrains.DotTrace.ViewModel.dll	JetBrains.DotTrace.ViewModel.Resources.Strings	57	1	JetBrains	ui	0
JetBrains.Platform.Shell.dll	JetBrains.Application.Res.StringTable	56	1	JetBrains	ui	0
JetBrains.Platform.UIInteractive.Shell.dll	JetBrains.UI.Resources.StringTable	56	1	JetBrains	ui	0
JetBrains.PsiFeatures.UIInteractive.Core.dll	JetBrains.PsiFeatures.UIInteractive.Core.Resources.Strings	55	1	JetBrains	ui	0
JetBrains.ReSharper.Intentions.Xml.dll	JetBrains.ReSharper.Intentions.Xml.Resources.Strings	54	1	JetBrains	ui	0
JetBrains.ReSharper.Refactorings.VB.dll	JetBrains.ReSharper.Refactorings.VB.Resources.Strings	53	1	JetBrains	ui	0
NuGet.Configuration.dll	NuGet.Configuration.Resources	53	0	third-party	third-party	0
Microsoft.CodeAnalysis.Workspaces.dll	Microsoft.CodeAnalysis.CompilerExtensionsResources	52	0	third-party	third-party	0
JetBrains.ReSharper.Feature.Services.VB.dll	JetBrains.ReSharper.Feature.Services.VB.Resources.LocalizedStrings	50	1	JetBrains	ui	0
Microsoft.CodeAnalysis.VisualBasic.Workspaces.dll	Microsoft.CodeAnalysis.VisualBasic.VBWorkspaceResources	49	0	third-party	third-party	0
JetBrains.ReSharper.Feature.Services.Xaml.dll	JetBrains.ReSharper.Feature.Services.Xaml.Resources.Strings	48	1	JetBrains	ui	0
JetBrains.ReSharper.Psi.Xaml.dll	JetBrains.ReSharper.Psi.Xaml.Resources.Strings	48	1	JetBrains	ui	0
JetBrains.ReSharper.Psi.Web.dll	JetBrains.ReSharper.Psi.Src.Asp.Resources.Sharepoint.ResourceFiles.xlsrv	47	0	JetBrains	data/legal	0
ActiproSoftware.Docking.Wpf.dll	ActiproSoftware.Products.Docking.Resources	45	0	third-party	third-party	0
Microsoft.CodeAnalysis.CSharp.Features.dll	Microsoft.CodeAnalysis.CSharp.CSharpCodeFixesResources	45	0	third-party	third-party	0
Microsoft.Web.XmlTransform.dll	Microsoft.Web.XmlTransform.Properties.Resources	44	0	third-party	third-party	0
WPFToolkit.dll	ExceptionStringTable	43	0	third-party	third-party	0
JetBrains.Platform.DocumentManager.dll	JetBrains.DocumentManagers.Resources.Strings	43	1	JetBrains	ui	0
JetBrains.ReSharper.SolutionAnalysis.dll	JetBrains.ReSharper.Daemon.SolutionAnalysis.Resources.Strings	43	1	JetBrains	ui	0
JetBrains.ReSharper.Feature.Services.dll	JetBrains.ReSharper.Feature.Services.Resources.GroupingStrings	42	1	JetBrains	ui	0
JetBrains.Platform.UIInteractive.Avalonia.Shell.dll	JetBrains.UI.Avalonia.Resources.Strings	42	1	JetBrains	ui	0
JetBrains.Platform.Text.Protocol.dll	JetBrains.TextControl.Resources.Strings	41	1	JetBrains	ui	0
JetBrains.ReSharper.UnitTestExplorer.dll	JetBrains.ReSharper.UnitTestExplorer.Resources.Strings	40	1	JetBrains	ui	0
NuGet.Packaging.dll	NuGet.Packaging.PackageCreation.Resources.NuGetResources	40	0	third-party	third-party	0
NuGet.Packaging.dll	NuGet.Packaging.Rules.AnalysisResources	40	0	third-party	third-party	0
JetBrains.ReSharper.UnitTestProvider.JavaScript.dll	JetBrains.ReSharper.UnitTestProvider.JavaScript.Resources.Strings	36	1	JetBrains	ui	0
JetBrains.ReSharper.Daemon.Resx.dll	JetBrains.ReSharper.Daemon.Resx.Resources.Strings	33	1	JetBrains	ui	0
Microsoft.VisualStudio.TestPlatform.Common.dll	Microsoft.VisualStudio.TestPlatform.Common.Resources.Resources	33	0	third-party	third-party	0
JetBrains.ReSharper.Psi.Web.dll	JetBrains.ReSharper.Psi.Resources.Strings1	31	1	JetBrains	ui	0
JetBrains.ReSharper.UnitTestProvider.nUnit.dll	JetBrains.ReSharper.UnitTestProvider.nUnit.Resources.Strings	31	1	JetBrains	ui	0
System.Windows.Controls.Input.Toolkit.dll	System.Windows.Controls.Properties.Resources	30	0	third-party	third-party	0
JetBrains.PsiFeatures.UIInteractive.LiveTemplates.dll	JetBrains.PsiFeatures.UIInteractive.LiveTemplates.Resources.Strings	29	1	JetBrains	ui	0
Microsoft.VisualStudio.SolutionPersistence.dll	Microsoft.VisualStudio.SolutionPersistence.Errors	29	0	third-party	third-party	0
NuGet.ProjectModel.dll	NuGet.ProjectModel.Strings	28	0	third-party	third-party	0
System.Windows.Controls.DataVisualization.Toolkit.dll	System.Windows.Controls.DataVisualization.Properties.Resources	28	0	third-party	third-party	0
JetBrains.Platform.VisualStudio.AnyEnd.dll	JetBrains.Platform.VisualStudio.AnyEnd.Resources.Strings	27	1	JetBrains	ui	0
Microsoft.CodeAnalysis.Workspaces.dll	Microsoft.CodeAnalysis.WorkspaceExtensionsResources	27	0	third-party	third-party	0
JetBrains.dotTrace.VisualStudio.Core.dll	JetBrains.dotTrace.VS.Resources.Strings	26	1	JetBrains	ui	0
JetBrains.ReSharper.Feature.Services.ExternalSources.CSharp.dll	JetBrains.ReSharper.Feature.Services.ExternalSources.CSharp.Resources.Strings	24	1	JetBrains	ui	0
DevExpress.XtraTreeList.v7.1.dll	DevExpress.XtraTreeList.LocalizationRes	23	0	third-party	third-party	0
JetBrains.ReSharper.Daemon.Protobuf.dll	JetBrains.ReSharper.Daemon.Protobuf.Resources.Strings	23	1	JetBrains	ui	0
JetBrains.ReSharper.Daemon.Xml.dll	JetBrains.ReSharper.Daemon.Xml.Resources.Strings	22	1	JetBrains	ui	0
JetBrains.Platform.Standalone.TextControl.dll	JetBrains.Standalone.TextControl.Resources.Strings	22	1	JetBrains	ui	0
Microsoft.Deployment.Compression.Cab.dll	Microsoft.Deployment.Compression.Cab.Errors	22	0	third-party	third-party	0
JetBrains.DotTrace.DataStructures.dll	JetBrains.DotTrace.DataStructures.Resources.Strings	21	1	JetBrains	ui	0
JetBrains.ReSharper.InplaceRefactorings.dll	JetBrains.ReSharper.InplaceRefactorings.Resources.Strings	21	1	JetBrains	ui	0
JetBrains.ReSharper.Intentions.Resx.dll	JetBrains.ReSharper.Intentions.Resx.Resources.Strings	21	1	JetBrains	ui	0
Microsoft.CodeAnalysis.Scripting.dll	Microsoft.CodeAnalysis.Scripting.ScriptingResources	21	0	third-party	third-party	0
JetBrains.ReSharper.Daemon.BuildScripts.dll	JetBrains.ReSharper.Daemon.BuildScripts.Resources.Strings	20	1	JetBrains	ui	0
JetBrains.ReSharper.UnitTesting.VsTest.Provider.dll	JetBrains.ReSharper.UnitTesting.VsTest.Provider.Resources.Strings	20	1	JetBrains	ui	0
JetBrains.Platform.UIInteractive.Ide.dll	JetBrains.Platform.UIInteractive.Ide.Resources.Strings	19	1	JetBrains	ui	0
JetBrains.ReSharper.Features.Intellisense.VB.dll	JetBrains.ReSharper.Features.Intellisense.VB.Resources.LocalizedStrings	19	1	JetBrains	ui	0
JetBrains.ReSharper.Intentions.BuildScripts.dll	JetBrains.ReSharper.Intentions.BuildScripts.Resources.Strings	19	1	JetBrains	ui	0
JetBrains.ReSharper.Psi.Protobuf.dll	JetBrains.ReSharper.Psi.Protobuf.Resources.Strings	18	1	JetBrains	ui	0
JetBrains.Common.Util.ViewModel.dll	JetBrains.Common.Util.ViewModel.Resources.Strings	17	1	JetBrains	ui	0
System.Windows.Controls.Layout.Toolkit.dll	System.Windows.Controls.Properties.Resources	17	0	third-party	third-party	0
JetBrains.dotMemory.Core.dll	JetBrains.dotMemory.Core.Resources.Strings	16	1	JetBrains	ui	0
JetBrains.ReSharper.I18n.Services.CSharp.dll	JetBrains.ReSharper.I18n.Services.CSharp.Resources.Strings	16	1	JetBrains	ui	0
Microsoft.CodeAnalysis.Elfie.dll	Microsoft.CodeAnalysis.Elfie.Resources	16	0	third-party	third-party	0
Microsoft.TestPlatform.CoreUtilities.dll	Microsoft.VisualStudio.TestPlatform.CoreUtilities.Resources.Resources	16	0	third-party	third-party	0
System.Reactive.dll	System.Reactive.Strings_Linq	16	0	third-party	third-party	0
JetBrains.Platform.Shell.dll	JetBrains.Application.BuildScript.Compile.LicenseTexts	15	0	JetBrains	data/legal	0
JetBrains.Profiler.Windows.Impl.dll	JetBrains.Profiler.Windows.Resources.Strings	15	1	JetBrains	ui	0
JetBrains.ReSharper.Psi.Web.dll	JetBrains.ReSharper.Psi.Src.Razor.CSharp.Resources.Texts	15	0	JetBrains	data/legal	0
JetBrains.dotMemory.VisualStudio.dll	JetBrains.dotMemory.VisualStudio.Resources.Strings	14	1	JetBrains	ui	0
JetBrains.ReSharper.Feature.Services.Protobuf.dll	JetBrains.ReSharper.Feature.Services.Protobuf.Resources.Strings	14	1	JetBrains	ui	0
JetBrains.ReSharper.Psi.Web.dll	JetBrains.ReSharper.Psi.Src.Asp.Resources.Sharepoint.ResourceFiles.sllayout	14	0	JetBrains	data/legal	0
JetBrains.ReSharper.UnitTestProvider.Xunit.dll	JetBrains.ReSharper.UnitTestProvider.Xunit.Resources.Strings	14	1	JetBrains	ui	0
NuGet.Common.dll	NuGet.Common.Strings	14	0	third-party	third-party	0
System.Windows.Interactivity.dll	ExceptionStringTable	13	0	third-party	third-party	0
JetBrains.ReSharper.Intentions.Web.dll	JetBrains.ReSharper.Intentions.Resources.Strings11	13	1	JetBrains	ui	0
JetBrains.ReSharper.UnitTesting.MSTest.Provider.dll	JetBrains.ReSharper.UnitTesting.MSTest.Provider.Resources.Strings	13	1	JetBrains	ui	0
NuGet.Credentials.dll	NuGet.Credentials.Resources	13	0	third-party	third-party	0
NuGet.Resolver.dll	NuGet.Resolver.Strings	13	0	third-party	third-party	0
JetBrains.ReSharper.Feature.Services.ExternalSources.dll	JetBrains.ReSharper.Feature.Services.ExternalSources.Resources.Strings	12	1	JetBrains	ui	0
Microsoft.Owin.Hosting.dll	Microsoft.Owin.Hosting.App_Packages.Owin.Loader.LoaderResources	12	0	third-party	third-party	0
ActiproSoftware.PropertyGrid.Wpf.dll	ActiproSoftware.Products.PropertyGrid.Resources	11	0	third-party	third-party	0
DevExpress.Data.v7.1.dll	DevExpress.Data.Db.Messages	11	0	third-party	third-party	0
JetBrains.Common.SystemModules.Core.dll	JetBrains.Common.SystemModulesOptionsManager.Resources.Strings	11	1	JetBrains	ui	0
JetBrains.dotTrace.Ide.Core.UnitTesting.dll	JetBrains.dotTrace.Ide.Core.UnitTesting.Resources.Strings	11	1	JetBrains	ui	0
JetBrains.Profiler.InternalLauncher.dll	JetBrains.Profiler.InternalLauncher.Resources.Strings	11	1	JetBrains	ui	0
JetBrains.Platform.Standalone.TabWell.dll	JetBrains.Standalone.TabWell.Resources.Strings	11	1	JetBrains	ui	0
Microsoft.CodeAnalysis.CSharp.Workspaces.dll	Microsoft.CodeAnalysis.CSharp.CSharpCompilerExtensionsResources	11	0	third-party	third-party	0
Microsoft.Owin.dll	Microsoft.Owin.Resources	11	0	third-party	third-party	0
Microsoft.CodeAnalysis.VisualBasic.Features.dll	VisualBasicCodeFixesResources	11	0	third-party	third-party	0
JetBrains.DotTrace.Ide.Core.Common.dll	JetBrains.DotTrace.Ide.Core.Common.Resources.Strings	10	1	JetBrains	ui	0
JetBrains.PsiFeatures.VisualStudio.SinceVs12.dll	JetBrains.PsiFeatures.VisualStudio.SinceVs12.Resources.Strings	10	1	JetBrains	ui	0
JetBrains.ReSharper.Psi.Web.dll	JetBrains.ReSharper.Psi.Src.Asp.Resources.Sharepoint.ResourceFiles.osrv	10	0	JetBrains	data/legal	0
Microsoft.CodeAnalysis.LanguageServer.Protocol.dll	Microsoft.CodeAnalysis.LanguageServer.LanguageServerProtocolResources	10	0	third-party	third-party	0
JetBrains.Common.SystemModules.Core.dll	JetBrains.Common.SystemModulesOptionsManager.Resources.SystemModulesConstants	9	1	JetBrains	ui	0
JetBrains.Etw.dll	JetBrains.Etw.Resources.UITexts	9	1	JetBrains	ui	0
JetBrains.Profiler.Configurations.dll	JetBrains.Profiler.Configurations.Resources.Strings	9	1	JetBrains	ui	0
JetBrains.ReSharper.ExternalServices.Core.dll	JetBrains.ReSharper.ExternalServices.Core.Resources.ExternalServicesCoreStrings	9	1	JetBrains	ui	0
JetBrains.ReSharper.Psi.Resx.dll	JetBrains.ReSharper.Psi.Resx.Resources.Strings	9	1	JetBrains	ui	0
JetBrains.ReSharper.ReSharperTutorials.dll	JetBrains.ReSharper.ReSharperTutorials.Resources.Strings	9	1	JetBrains	ui	0
Microsoft.Owin.StaticFiles.dll	Microsoft.Owin.StaticFiles.Resources	9	0	third-party	third-party	0
System.Reactive.dll	System.Reactive.Strings_Core	9	0	third-party	third-party	0
JetBrains.ReSharper.Features.Navigation.VB.dll	JetBrains.ReSharper.Features.Navigation.VB.Resources.Strings	8	1	JetBrains	ui	0
JetBrains.ReSharper.Resources.dll	JetBrains.ReSharper.Resources.Resources.Strings	8	1	JetBrains	ui	0
JetBrains.ReSharper.UnitTestRunner.dotMemoryUnit.dll	JetBrains.ReSharper.UnitTestRunner.dotMemoryUnit.Resources.Strings	8	1	JetBrains	ui	0
Microsoft.TestPlatform.CommunicationUtilities.dll	Microsoft.VisualStudio.TestPlatform.CommunicationUtilities.Resources.Resources	8	0	third-party	third-party	0
NuGet.Frameworks.dll	NuGet.Frameworks.Strings	8	0	third-party	third-party	0
Microsoft.CodeAnalysis.VisualBasic.Features.dll	VisualBasicAnalyzersResources	8	0	third-party	third-party	0
JetBrains.Platform.DocumentModel.dll	JetBrains.DocumentModel.Resources.Strings	7	1	JetBrains	ui	0
JetBrains.Platform.VisualStudio.SinceVs11.dll	JetBrains.Platform.VisualStudio.SinceVs11.Resources.Strings	7	1	JetBrains	ui	0
JetBrains.ReSharper.I18n.Services.Asp.dll	JetBrains.ReSharper.I18n.Services.Asp.Resources.Strings	7	1	JetBrains	ui	0
JetBrains.ReSharper.Psi.BuildScripts.dll	JetBrains.ReSharper.Psi.BuildScripts.Resources.Strings	7	1	JetBrains	ui	0
Microsoft.CodeAnalysis.CSharp.Workspaces.dll	Microsoft.CodeAnalysis.CSharp.CSharpWorkspaceResources	7	0	third-party	third-party	0
Microsoft.TestPlatform.Utilities.dll	Microsoft.VisualStudio.TestPlatform.Utilities.Resources.Resources	7	0	third-party	third-party	0
JetBrains.Common.UI.Shell.dll	JetBrains.Common.UI.Shell.Resources.Strings	6	1	JetBrains	ui	0
JetBrains.dotTrace.VisualStudio.Core.dll	JetBrains.dotTrace.VS.Properties.Resources	6	1	JetBrains	ui	0
JetBrains.DPA.Ide.VS.dll	JetBrains.DPA.Ide.VS.Resources.Strings	6	1	JetBrains	ui	0
JetBrains.PsiFeatures.VisualStudio.SinceVs14RoslynAware.dll	JetBrains.PsiFeatures.VisualStudio.SinceVs14RoslynAware.Resources.Strings	6	1	JetBrains	ui	0
JetBrains.ReSharper.Features.Xml.dll	JetBrains.ReSharper.Features.Xml.Resources.Strings	6	1	JetBrains	ui	0
JetBrains.ReSharper.LiveTemplates.VB.dll	JetBrains.ReSharper.LiveTemplates.VB.Resources.Strings1	6	1	JetBrains	ui	0
JetBrains.ReSharper.Refactorings.BuildScripts.dll	JetBrains.ReSharper.Refactorings.BuildScripts.Resources.Strings	6	1	JetBrains	ui	0
JetBrains.ReSharper.UnitTestProvider.MSTest10.dll	JetBrains.ReSharper.UnitTestProvider.MSTest10.Resources.Strings	6	1	JetBrains	ui	0
JetBrains.Platform.Symbols.dll	JetBrains.Symbols.Resources.Strings	6	1	JetBrains	ui	0
Microsoft.Owin.Hosting.dll	Microsoft.Owin.Hosting.Resources	6	0	third-party	third-party	0
ActiproSoftware.Shared.Wpf.dll	ActiproSoftware.Products.Shared.Resources	5	0	third-party	third-party	0
JetBrains.Common.ViewModels.dll	JetBrains.Common.ViewModels.Resources.Strings	5	1	JetBrains	ui	0
JetBrains.DotTrace.UI.Builders.dll	JetBrains.DotTrace.UI.resources.agreements.DotTraceLicenseSupportResources	5	0	JetBrains	data/legal	0
JetBrains.PsiFeatures.VisualStudio.ReSpeller.dll	JetBrains.PsiFeatures.VisualStudio.ReSpeller.Resources.Strings	5	1	JetBrains	ui	0
JetBrains.ReSharper.Feature.Services.Xml.dll	JetBrains.ReSharper.Feature.Services.Xml.Resources.Strings	5	1	JetBrains	ui	0
JetBrains.ReSharper.I18n.Services.VB.dll	JetBrains.ReSharper.I18n.Services.VB.Resources.Strings	5	1	JetBrains	ui	0
JetBrains.ReSharper.I18n.Services.Xaml.dll	JetBrains.ReSharper.I18n.Services.Xaml.Resources.Strings	5	1	JetBrains	ui	0
JetBrains.ReSharper.Product.dll	JetBrains.ReSharper.Product.Resources.Strings	5	1	JetBrains	ui	0
JetBrains.SignatureVerifier.dll	JetBrains.SignatureVerifier.Messages	5	1	JetBrains	ui	0
JetBrains.UsageStatistics.dll	JetBrains.UsageStatistics.Resources.Strings	5	1	JetBrains	ui	0
Microsoft.VisualStudio.TestPlatform.ObjectModel.dll	Microsoft.VisualStudio.TestPlatform.ObjectModel.Resources.CommonResources	5	0	third-party	third-party	0
Microsoft.TestPlatform.VsTestConsole.TranslationLayer.dll	Microsoft.VisualStudio.TestPlatform.VsTestConsole.TranslationLayer.Resources.Resources	5	0	third-party	third-party	0
NHunspell.dll	NHunspell.Resources	5	0	third-party	third-party	0
NuGet.Versioning.dll	NuGet.Versioning.Resources	5	0	third-party	third-party	0
JetBrains.dotMemory.Model.dll	JetBrains.dotMemory.Model.Resources.Strings	4	1	JetBrains	ui	0
JetBrains.dotTraceInstant.ViewModel.Interface.dll	JetBrains.dotTraceInstant.ViewModel.Interface.resources.Resources	4	1	JetBrains	ui	0
JetBrains.Platform.VisualStudio.SinceVs14RoslynAware.dll	JetBrains.Platform.VisualStudio.SinceVs14RoslynAware.Resources.Strings	4	1	JetBrains	ui	0
JetBrains.Platform.VisualStudio.SinceVs16.dll	JetBrains.Platform.VisualStudio.SinceVs16.Resources.Strings	4	1	JetBrains	ui	0
JetBrains.PsiFeatures.UIInteractive.Refactorings.dll	JetBrains.PsiFeatures.UIInteractive.Refactorings.Resources.Strings	4	1	JetBrains	ui	0
JetBrains.PsiFeatures.VisualStudio.SinceVs10.dll	JetBrains.PsiFeatures.VisualStudio.SinceVs10.Resources.Strings	4	1	JetBrains	ui	0
JetBrains.ReSharper.Features.StructuralSearch.dll	JetBrains.ReSharper.Features.StructuralSearch.resources.Strings	4	1	JetBrains	ui	0
JetBrains.ReSharper.Plugins.Yaml.dll	JetBrains.ReSharper.Plugins.Yaml.Resources.Strings	4	1	JetBrains	ui	0
JetBrains.ReSharper.UnitTestProvider.MSTest11.dll	JetBrains.ReSharper.UnitTestProvider.MSTest11.Resources.Strings	4	1	JetBrains	ui	0
JetBrains.ReSharper.UnitTestProvider.MSTest12.dll	JetBrains.ReSharper.UnitTestProvider.MSTest12.......v11.Provider.Resources.Strings	4	1	JetBrains	ui	0
JetBrains.ReSharper.UnitTestProvider.MSTest14.dll	JetBrains.ReSharper.UnitTestProvider.MSTest14.......v11.Provider.Resources.Strings	4	1	JetBrains	ui	0
JetBrains.ReSharper.UnitTestProvider.MSTest15.dll	JetBrains.ReSharper.UnitTestProvider.MSTest15.......v11.Provider.Resources.Strings	4	1	JetBrains	ui	0
Microsoft.Extensions.FileSystemGlobbing.dll	Microsoft.Extensions.FileSystemGlobbing.Resources.Strings	4	0	third-party	third-party	0
JetBrains.Common.Util.Shell.dll	JetBrains.Common.Util.Shell.Resources.Strings	3	1	JetBrains	ui	0
JetBrains.PsiFeatures.VisualStudio.SinceVs17.dll	JetBrains.PsiFeatures.VisualStudio.SinceVs17.Resources.Strings	3	1	JetBrains	ui	0
JetBrains.ReSharper.Psi.CSharp.dll	JetBrains.ReSharper.Psi.CSharp.Src.CodeStyle.FileLayoutPatternResources	3	0	JetBrains	data/legal	0
Microsoft.CodeAnalysis.CSharp.Scripting.dll	Microsoft.CodeAnalysis.CSharp.Scripting.CSharpScriptingResources	3	0	third-party	third-party	0
NuGet.DependencyResolver.Core.dll	NuGet.DependencyResolver.Strings	3	0	third-party	third-party	0
System.Reactive.dll	System.Reactive.Strings_Providers	3	0	third-party	third-party	0
JetBrains.dotMemory.Home.Presentation.dll	JetBrains.dotMemory.Home.Presentation.Resources.Strings	2	1	JetBrains	ui	0
JetBrains.DotTrace.Ide.Core.Interface.dll	JetBrains.DotTrace.Ide.Core.Interface.resources.Resources	2	1	JetBrains	ui	0
JetBrains.Platform.MsBuildHost.dll	JetBrains.Platform.MsBuildHost.Resources.Strings	2	1	JetBrains	ui	0
JetBrains.Platform.VisualStudio.SinceVs15.dll	JetBrains.Platform.VisualStudio.SinceVs15.Resources.Strings	2	1	JetBrains	ui	0
JetBrains.Platform.VisualStudio.SinceVs16RoslynAware.dll	JetBrains.Platform.VisualStudio.SinceVs16RoslynAware.Resources.Strings	2	1	JetBrains	ui	0
JetBrains.Platform.VisualStudio.SinceVs17.dll	JetBrains.Platform.VisualStudio.SinceVs17.Resources.Strings	2	1	JetBrains	ui	0
JetBrains.ReSharper.Plugins.Unity.dll	JetBrains.ReSharper.Plugins.Unity.CSharp.Psi.CodeStyle.AdditionalFileLayoutResources	2	0	JetBrains	data/legal	0
Microsoft.Owin.Host.HttpListener.dll	Microsoft.Owin.Host.HttpListener.Resources	2	0	third-party	third-party	0
System.Reactive.dll	System.Reactive.Platforms.Windows.Strings_WindowsThreading	2	0	third-party	third-party	0
DevExpress.Utils.v7.1.dll	DevExpress.Utils.About.AboutSN	1	0	third-party	third-party	0
DevExpress.Utils.v7.1.dll	DevExpress.Utils.About.frmAbout	1	0	third-party	third-party	0
DevExpress.Utils.v7.1.dll	DevExpress.Utils.About.ProductInfo	1	0	third-party	third-party	0
DevExpress.Utils.v7.1.dll	DevExpress.Utils.DemoBox	1	0	third-party	third-party	0
DevExpress.Utils.v7.1.dll	DevExpress.Utils.Frames.EmbeddedFrameInit	1	0	third-party	third-party	0
DevExpress.Utils.v7.1.dll	DevExpress.Utils.Frames.XtraFrame	1	0	third-party	third-party	0
DevExpress.XtraEditors.v7.1.dll	DevExpress.XtraEditors.Frames.AppearancesDesignerBase	1	0	third-party	third-party	0
DevExpress.XtraEditors.v7.1.dll	DevExpress.XtraEditors.Frames.AppearancesDesignerSimple	1	0	third-party	third-party	0
DevExpress.XtraTreeList.v7.1.dll	DevExpress.XtraTreeList.Blending.AlphaStyleEditor	1	0	third-party	third-party	0
DevExpress.XtraTreeList.v7.1.dll	DevExpress.XtraTreeList.Blending.Preview	1	0	third-party	third-party	0
JetBrains.Platform.UIInteractive.Text.dll	JetBrains.Platform.UIInteractive.Text.Resources.Strings	1	1	JetBrains	ui	0
JetBrains.PsiFeatures.VisualStudio.SinceVs15.dll	JetBrains.PsiFeatures.VisualStudio.SinceVs15.Resources.Strings	1	1	JetBrains	ui	0
JetBrains.ReSharper.Feature.Services.dll	JetBrains.ReSharper.Feature.Services.Src.Explanatory.CodeInspectionWikiResources	1	0	JetBrains	data/legal	0
JetBrains.ReSharper.Psi.RegExp.dll	JetBrains.ReSharper.Psi.RegExp.resources.Strings	1	1	JetBrains	ui	0
JetBrains.Platform.Standalone.Shell.dll	JetBrains.Standalone.Shell.Res.Stringtable	1	1	JetBrains	ui	0
NuGet.LibraryModel.dll	NuGet.LibraryModel.Strings	1	0	third-party	third-party	0
JetBrains.ReSharperPlatformVs18.VisualStudio.v18.0.Package.dll	Resources	1	0	JetBrains	package-meta	0
System.Reactive.dll	System.Reactive.Strings_PlatformServices	1	0	third-party	third-party	0
DevExpress.Utils.v7.1.dll	DevExpress.Utils.Editors.ObjectEditor	0	0	third-party	third-party	0
DevExpress.XtraTreeList.v7.1.dll	DevExpress.XtraTreeList.Dragging.DragMaster	0	0	third-party	third-party	0
JetBrains.ReSharperPlatformVs18.VisualStudio.v18.0.Package.dll	EditorFormats	0	0	JetBrains	ui	0
JetBrains.Common.UI.WinForms.dll	JetBrains.Common.UI.WinForms.Src.TriStateTreeView	0	0	JetBrains	ui	0
JetBrains.dotMemory.GUI.dll	JetBrains.dotMemory.GUI.Properties.Resources	0	0	JetBrains	ui	0
JetBrains.dotTraceInstant.ViewModel.dll	JetBrains.dotTraceInstant.ViewModel.resources.Resources	0	0	JetBrains	ui	0
JetBrains.Platform.UIInteractive.Ide.dll	JetBrains.Platform.UIInteractive.Ide.Src.TreeBrowser.ExportTreeViewResources	0	0	JetBrains	ui	0
JetBrains.Platform.VisualStudio.AnyEnd.dll	JetBrains.Platform.VisualStudio.AnyEnd.Resources.ReSharperPlatformImages	0	0	JetBrains	ui	0
JetBrains.PsiFeatures.UIInteractive.Core.dll	JetBrains.PsiFeatures.UIInteractive.Core.Src.DevExpressTreeView.DevExpressTreeControl	0	0	JetBrains	ui	0
JetBrains.PsiFeatures.UIInteractive.Core.dll	JetBrains.PsiFeatures.UIInteractive.Core.Src.DevExpressTreeView.QuickSearchBox	0	0	JetBrains	ui	0
JetBrains.PsiFeatures.UIInteractive.Core.dll	JetBrains.PsiFeatures.UIInteractive.Core.Src.DevExpressTreeView.TreeModelBrowserPanel	0	0	JetBrains	ui	0
JetBrains.PsiFeatures.UIInteractive.Core.dll	JetBrains.PsiFeatures.UIInteractive.Core.Src.Naming.AdvancedNamingSettingsForm	0	0	JetBrains	ui	0
JetBrains.PsiFeatures.UIInteractive.Core.dll	JetBrains.PsiFeatures.UIInteractive.Core.Src.Naming.EditNamingPolicyControl	0	0	JetBrains	ui	0
JetBrains.PsiFeatures.UIInteractive.Core.dll	JetBrains.PsiFeatures.UIInteractive.Core.Src.Naming.EditUserRuleForm	0	0	JetBrains	ui	0
JetBrains.PsiFeatures.UIInteractive.Core.dll	JetBrains.PsiFeatures.UIInteractive.Core.Src.ParameterInfo.InvocableControl	0	0	JetBrains	ui	0
JetBrains.PsiFeatures.UIInteractive.Core.dll	JetBrains.PsiFeatures.UIInteractive.Core.Src.ParameterInfo.ParameterInfoControl	0	0	JetBrains	ui	0
JetBrains.PsiFeatures.UIInteractive.Features.dll	JetBrains.PsiFeatures.UIInteractive.Features.Src.Altering.CodeCleanup.ProfileNameDialog	0	0	JetBrains	ui	0
JetBrains.PsiFeatures.UIInteractive.LiveTemplates.dll	JetBrains.PsiFeatures.UIInteractive.LiveTemplates.Src.FieldsSelectionDialog	0	0	JetBrains	ui	0
JetBrains.PsiFeatures.UIInteractive.LiveTemplates.dll	JetBrains.PsiFeatures.UIInteractive.LiveTemplates.Src.TemplateChooserDialog	0	0	JetBrains	ui	0
JetBrains.PsiFeatures.UIInteractive.LiveTemplates.dll	JetBrains.PsiFeatures.UIInteractive.LiveTemplates.SrcView.TemplateEditor.TemplateTextEditor	0	0	JetBrains	ui	0
JetBrains.PsiFeatures.VisualStudio.Core.dll	JetBrains.PsiFeatures.VisualStudio.Core.Resources.Clipart.PsiFeaturesVisualStudioClipart	0	0	JetBrains	ui	0
JetBrains.PsiFeatures.VisualStudio.SinceVs14.dll	JetBrains.PsiFeatures.VisualStudio.SinceVs14.Resources.Strings	0	1	JetBrains	ui	0
JetBrains.PsiFeatures.VisualStudio.SinceVs16RoslynAware.dll	JetBrains.PsiFeatures.VisualStudio.SinceVs16RoslynAware.Resources.Strings	0	1	JetBrains	ui	0
JetBrains.PsiFeatures.Web.UIInteractive.dll	JetBrains.PsiFeatures.Web.UIInteractive.Resources.Strings	0	1	JetBrains	ui	0
JetBrains.ReSharper.DebuggerVisualizers.dll	JetBrains.ReSharper.DebuggerVisualizers.resources.icons.DebuggerVisualizersIcons	0	0	JetBrains	ui	0
JetBrains.ReSharper.Feature.Services.Web.dll	JetBrains.ReSharper.Feature.Services.Web.Resources.Html.HtmlResources	0	0	JetBrains	ui	0
JetBrains.ReSharper.Features.Altering.dll	JetBrains.ReSharper.Features.Altering.Src.CodeStyle.VB.VBFormattingStylePage	0	0	JetBrains	data/legal	0
JetBrains.ReSharper.LiveTemplates.dll	JetBrains.ReSharper.LiveTemplates.Src.UI.ExtendedRichText	0	0	JetBrains	ui	0
JetBrains.ReSharper.LiveTemplates.dll	JetBrains.ReSharper.LiveTemplates.Src.UI.StringValueEntryForm	0	0	JetBrains	ui	0
JetBrains.ReSharper.Psi.dll	JetBrains.ReSharper.Psi.Resources.W3CEntities	0	0	JetBrains	ui	0
JetBrains.ReSharper.NewRefactorings.dll	JetBrains.ReSharper.Refactorings.Src.Move.AdjustNamespaces.Impl.AdjustNamespacesPage	0	0	JetBrains	ui	0
JetBrains.ReSharper.Resources.dll	JetBrains.ReSharper.Resources.Resources.Clipart.ReSharperClipart	0	0	JetBrains	ui	0
JetBrains.Platform.Standalone.TextControl.dll	JetBrains.Standalone.TextControl.Src.TextControl.Syntax.SyntaxResources.SyntaxResources	0	0	JetBrains	ui	0
JetBrains.Platform.Standalone.TextControl.dll	JetBrains.Standalone.TextControl.Src.TextControl.Theming.ThemingResources.ThemingResources	0	0	JetBrains	ui	0
JetBrains.Platform.UIInteractive.Shell.dll	JetBrains.UI.Src.Features.ExtensionManager.OptionsPages.PackageSourceEditorDialog	0	0	JetBrains	ui	0
JetBrains.Platform.UIInteractive.Shell.dll	JetBrains.UI.Src.Features.License.EvaluationExpirationControl	0	0	JetBrains	data/legal	0
JetBrains.Platform.UIInteractive.Shell.dll	JetBrains.UI.Src.Features.License.EvaluationFeedbackControl	0	0	JetBrains	data/legal	0
JetBrains.Platform.UIInteractive.Shell.dll	JetBrains.UI.Src.Features.License.JetWebBrowser	0	0	JetBrains	data/legal	0
JetBrains.Platform.UIInteractive.Shell.dll	JetBrains.UI.Src.Features.License.ProductBaseForm	0	0	JetBrains	data/legal	0
JetBrains.Platform.UIInteractive.Shell.dll	JetBrains.UI.Src.Features.License2.Conflict.LicenseConflictForm	0	0	JetBrains	data/legal	0
JetBrains.Platform.UIInteractive.Shell.dll	JetBrains.UI.Src.WinForms.Controls.Dialogs.PromptWinForm	0	0	JetBrains	ui	0
JetBrains.Platform.UIInteractive.Shell.dll	JetBrains.UI.Src.WinForms.Controls.TabStrip.TabStripControl	0	0	JetBrains	ui	0
JetBrains.Platform.UIInteractive.Shell.dll	JetBrains.UI.Src.Wpf.Effects.EffectsShaders	0	0	JetBrains	ui	0
MahApps.Metro.dll	MahApps.Metro.Properties.Resources	0	0	third-party	third-party	0
Microsoft.CodeAnalysis.CSharp.Workspaces.dll	Microsoft.CodeAnalysis.CSharp.CSharpWorkspaceExtensionsResources	0	0	third-party	third-party	0
Microsoft.CodeAnalysis.ExternalAccess.AspNetCore.dll	Microsoft.CodeAnalysis.ExternalAccess.AspNetCore.ExternalAccessAspNetCoreResources	0	0	third-party	third-party	0
Microsoft.CodeAnalysis.VisualBasic.Workspaces.dll	VisualBasicCompilerExtensionsResources	0	0	third-party	third-party	0
Microsoft.CodeAnalysis.VisualBasic.Workspaces.dll	VisualBasicWorkspaceExtensionsResources	0	0	third-party	third-party	0
